{"episode_types": ["t", "t", "t", "t", "t", "t", "t", "t", "t", "t", "t", "t", "t", "t", "t", "t", "t", "t", "t", "t", "t", "t", "t", "t", "t", "t", "t", "t", "t", "t", "t", "t", "t", "t", "t", "t", "t", "t", "t", "t", "t", "t", "t", "t", "t", "t", "t", "t", "t", "t", "t", "t", "t", "t", "t", "t", "t", "t", "t", "t", "t", "t", "t", "t", "t", "t", "t", "t", "t", "t", "t", "t", "t", "t", "t", "t", "t", "t", "t", "t", "t", "t", "t", "t", "t", "t", "t", "t", "t", "t", "t", "t", "t"], "episode_rewards": [-113.81176291290836, -124.63652903523575, -110.59791897859174, -118.78729839591884, -143.1034006843788, -138.39891894197265, -129.51417370038993, -109.42118236540811, -125.69296962724397, -113.4770249917786, -117.29873748293943, -99.18318431946564, -136.16534863651117, -113.4876007920887, -118.08024242085565, -107.16239037847714, -125.49549579925865, -121.3721708647816, -127.3103173989016, -107.16108015876712, -115.00392408689737, -113.51562153483124, -118.17863532990522, -154.77202393910233, -106.89373918930825, -130.10961759460628, -103.40537925350259, -122.59581147294615, -127.57844440638364, -130.62091490045626, -122.41692036735849, -117.90813886165638, -127.93694194363262, -127.7265659623407, -125.24753929867107, -132.14772116150766, -121.45594564749706, -132.71471892387066, -118.94875292703209, -144.24157893214598, -119.51218790168875, -163.62481182969847, -124.88897018459456, -140.62648722795836, -121.0202791342013, -109.60075772916349, -106.96383827335126, -132.0954099002845, -122.60961248683797, -120.7499511382567, -109.5998602038854, -117.69921137562511, -144.02763945864893, -106.98982848364663, -113.6670341544059, -103.88940866460514, -123.03302183953866, -104.43517139661333, -145.36429199030286, -124.51058301676647, -103.20497441965084, -114.33555660233874, -103.80713243979068, -113.1517172480818, -117.68577020785347, -155.95629985229994, -126.16189262492509, -103.51131285774898, -151.89019956630045, -135.66911648938867, -130.63184656887015, -128.7960893266235, -131.49596916685155, -103.26033591947717, -105.425493518314, -160.05611377002572, -127.38156061391297, -138.9610207752418, -103.87222364377006, -179.0379925945307, -132.48317344142055, -106.84812311416245, -167.61037232668934, -111.92017838706306, -111.75227567458556, -120.41596398341905, -134.43638598023998, -111.11373910217816, -154.91353626427428, -138.1809307683627, -153.245275372305, -107.6441008505848], "episode_lengths": [59, 48, 44, 359, 310, 149, 197, 69, 184, 34, 139, 164, 162, 34, 80, 46, 138, 181, 183, 46, 153, 34, 80, 454, 45, 111, 61, 77, 68, 449, 80, 70, 69, 152, 110, 273, 215, 288, 177, 147, 81, 358, 248, 256, 109, 48, 47, 244, 109, 120, 48, 133, 261, 47, 191, 57, 42, 37, 255, 147, 38, 135, 38, 57, 64, 274, 136, 53, 285, 167, 167, 301, 158, 55, 50, 453, 45, 166, 54, 518, 278, 88, 420, 143, 386, 271, 266, 66, 482, 406, 380, 89], "initial_reset_timestamp": 1482337009.0454972, "timestamps": [1482337011.290544, 1482337013.1583812, 1482337013.9699328, 1482337019.9466166, 1482337025.1530373, 1482337027.7062802, 1482337031.0414426, 1482337032.1928613, 1482337038.992078, 1482337039.6570072, 1482337042.03784, 1482337044.8063273, 1482337047.526004, 1482337048.0932841, 1482337049.444936, 1482337050.2129133, 1482337052.5151365, 1482337055.535182, 1482337058.6216745, 1482337059.405583, 1482337061.958432, 1482337062.536115, 1482337063.8675237, 1482337071.569564, 1482337072.3373172, 1482337074.2751117, 1482337075.2899175, 1482337078.208517, 1482337079.4281924, 1482337086.9867678, 1482337088.3734589, 1482337089.5904863, 1482337090.773439, 1482337093.3084338, 1482337095.1617973, 1482337099.8205338, 1482337103.399103, 1482337108.27764, 1482337111.2469046, 1482337113.737065, 1482337115.1087, 1482337121.072349, 1482337125.211107, 1482337129.4990332, 1482337131.35031, 1482337132.1709592, 1482337132.9739316, 1482337137.1567466, 1482337138.9923072, 1482337141.0669837, 1482337141.879048, 1482337144.1308198, 1482337148.5018432, 1482337149.303115, 1482337152.5229437, 1482337153.490407, 1482337154.1915672, 1482337154.8097398, 1482337159.0800555, 1482337161.5330124, 1482337162.1687682, 1482337164.4191315, 1482337165.0530174, 1482337166.005214, 1482337168.4024308, 1482337173.1310964, 1482337175.3921125, 1482337176.2757757, 1482337181.0704927, 1482337183.8852382, 1482337186.6601014, 1482337191.7660053, 1482337194.4014728, 1482337195.3200223, 1482337196.1874874, 1482337203.794921, 1482337204.5625768, 1482337207.3667102, 1482337208.2832124, 1482337217.0858426, 1482337221.7650697, 1482337223.23299, 1482337230.2740643, 1482337232.6795633, 1482337239.1847134, 1482337243.755169, 1482337248.1938705, 1482337249.3120286, 1482337257.4701586, 1482337264.3274913, 1482337270.7013717, 1482337272.2190502]}