{"episode_rewards": [-99.97362195040854], "initial_reset_timestamp": 1482779416.8890119, "timestamps": [1482779421.9742262], "episode_lengths": [69], "episode_types": ["t", "t"]}