{"initial_reset_timestamp": 1482399778.4221437, "episode_lengths": [91, 1600, 1600, 1600, 56, 56, 56, 75, 55, 56, 56, 56, 56, 1600, 1600, 1600, 1600, 1600, 1600, 1600, 1600, 1600, 1600, 1600, 1600, 1568, 1600, 81, 78, 74, 84, 77, 73, 77, 78, 76, 77, 74, 78, 75, 76, 80, 69, 61, 68, 62, 68, 61, 61, 66, 68, 66, 123, 67, 73, 67, 68, 75, 97, 66, 82, 80, 67, 102, 69, 68, 72, 93, 72, 91, 93, 94, 61, 69, 87, 69, 87, 86, 70, 71, 69, 81, 81, 87, 70, 88, 88, 88, 86, 87, 88, 70, 87, 88, 106, 86, 86, 71, 93, 88, 90, 64, 80, 61, 84, 88, 87, 82, 90, 95, 1600, 86, 73, 70, 92, 84, 1600, 87, 87, 79, 70, 149, 70, 126, 132, 85, 70, 97, 70, 81, 84, 97, 70, 100, 70, 101, 77, 80, 86, 79, 74, 70, 639, 72, 439, 1600, 1600, 1600, 1600, 301, 1600, 1600, 1600, 77, 1600, 1600, 773, 1600, 1048, 1600, 1600, 1600, 1600, 256, 1600, 165, 1600, 1600, 1600, 1600, 1600, 689, 1106, 1213, 1600, 1384, 1600, 1600, 1600, 1600, 1600, 313, 360, 331, 844, 1600, 1121, 1375, 591, 1042, 1600, 1600, 97, 1600, 1600, 1600, 1600, 1322, 1365, 1600, 479, 507, 1600, 1600], "episode_types": ["t", "t", "t", "t", "t", "t", "t", "t", "t", "t", "t", "t", "t", "t", "t", "t", "t", "t", "t", "t", "t", "t", "t", "t", "t", "t", "t", "t", "t", "t", "t", "t", "t", "t", "t", "t", "t", "t", "t", "t", "t", "t", "t", "t", "t", "t", "t", "t", "t", "t", "t", "t", "t", "t", "t", "t", "t", "t", "t", "t", "t", "t", "t", "t", "t", "t", "t", "t", "t", "t", "t", "t", "t", "t", "t", "t", "t", "t", "t", "t", "t", "t", "t", "t", "t", "t", "t", "t", "t", "t", "t", "t", "t", "t", "t", "t", "t", "t", "t", "t", "t", "t", "t", "t", "t", "t", "t", "t", "t", "t", "t", "t", "t", "t", "t", "t", "t", "t", "t", "t", "t", "t", "t", "t", "t", "t", "t", "t", "t", "t", "t", "t", "t", "t", "t", "t", "t", "t", "t", "t", "t", "t", "t", "t", "t", "t", "t", "t", "t", "t", "t", "t", "t", "t", "t", "t", "t", "t", "t", "t", "t", "t", "t", "t", "t", "t", "t", "t", "t", "t", "t", "t", "t", "t", "t", "t", "t", "t", "t", "t", "t", "t", "t", "t", "t", "t", "t", "t", "t", "t", "t", "t", "t", "t", "t", "t", "t", "t", "t", "t", "t", "t", "t", "t", "t"], "episode_rewards": [-121.38571473807836, -88.62161080105628, -114.0069294534612, -98.28160972478132, -99.76208040949373, -99.75540501934051, -99.75473930350198, -99.71388854362414, -102.6923503254983, -99.77119132479268, -99.77164344527748, -99.76656895791503, -99.75752891333212, 49.06588187511774, 43.99823608009855, 34.60697968563666, 39.4316407809538, 53.21696636314346, 48.02030281535584, 25.081645638337605, -144.73387088339217, 45.52046743789768, 49.77383498681774, 43.207128718843634, 52.36597191089952, -85.30410137347258, 43.50429854358838, -99.14734709407489, -97.89763998646022, -98.8037054841399, -98.23318943700103, -98.70268822256776, -98.19343558498267, -97.80223277986975, -98.62334123193182, -98.54671375375146, -97.07445057001593, -97.95544289146717, -99.02313636929532, -97.58291838990235, -97.53157182034388, -97.8443690046703, -95.78377001855328, -96.27475300649134, -98.04082801762122, -99.09431373735733, -98.30731518537286, -98.11114852929671, -96.01652843101428, -96.81550027789207, -96.21180922567186, -96.6518389806962, -100.11663120617756, -98.43993119792273, -98.68118103086914, -98.30936828712152, -98.34742135212883, -97.09306598918984, -100.68471555227543, -97.19432312052608, -96.80253895935853, -97.09110691222, -98.56326723605501, -99.59037084611383, -97.97653765226713, -96.53033888237624, -95.98716797844696, -96.46102257694946, -96.48196781482011, -97.44517460687815, -96.35625332382077, -96.26527065413966, -96.0973919570729, -97.73778245848874, -94.97861063587, -97.23613163606205, -95.62847719827175, -95.69492706086965, -99.79910702527539, -99.49119109986998, -97.60003523400486, -95.9973588698704, -96.16310156070874, -96.20364608149677, -97.68439921619637, -96.07315753112552, -94.81992787476968, -95.82461802830701, -96.02126422550376, -95.14238559404973, -95.80363490929534, -97.64303259519555, -95.4571690908819, -96.34935145516796, -123.43161503786817, -95.99321492239764, -95.72317358555168, -97.70300331945032, -96.53492083124854, -94.71889017364398, -94.77533956950515, -97.10201765546587, -96.59157444769131, -96.29312234122429, -97.89807043927202, -95.06006879191295, -96.12930038561345, -96.64189206909819, -103.68393208780846, -95.8041740763265, -95.38892458294326, -94.82044795948607, -98.23055452715153, -97.88700860242434, -98.9132536252694, -95.6637827317186, -85.42689386869206, -95.18955036650486, -96.14719918048363, -97.45344843752135, -97.66695767561414, -102.43555407598822, -96.3138874288987, -94.80842903582983, -94.64058062723741, -96.58581596894666, -97.38683053871061, -96.17891860403296, -97.81248662452752, -96.20367561372748, -97.1935442210618, -96.98251242628196, -97.25707815381304, -97.34917039432095, -97.31386895014303, -97.40273933572914, -98.8809904253557, -97.56489561384491, -97.52273372988272, -97.61249574185999, -96.54134588158543, -97.37647631134459, -91.96327232196387, -98.45579921351869, -96.03046513625719, -37.855541808072765, -121.56483604130628, -22.564877459002464, -93.80058286573389, -107.72066804567214, -13.796312168469818, 27.212336177917756, -79.27179780497728, -101.02214532064492, -0.003335467789457952, -105.66286587379095, -91.20071084456056, -30.913222096893307, -104.55986679045407, 28.74606505149439, 52.72006977353096, 23.866372741953914, 47.31231092560327, -95.7123005693287, 40.200964022997915, -102.68163601654884, 55.28306419714341, 60.310955570728865, 69.34568667491774, 82.37398826136321, 81.90063701064587, -77.62337956690594, -52.704395680960495, -38.53002311157758, 62.84057773199964, -73.1640773561181, 68.52314339212644, 73.980542321542, 83.46297810130008, 71.64293748724468, 81.48610576587855, -99.0088337271916, -92.0300103809493, -87.84895349213805, -67.33720800825662, 86.29528541948464, -40.47969848191004, -41.46730365974069, -74.58024403449316, -54.7343726803159, 62.030479256224716, 79.04472406432936, -129.80867706352396, 61.141894742241135, 49.257319385052746, 49.7531008559555, 41.12229552636384, -44.00323722223692, -35.90486884369638, 48.18217184906581, -89.2563919485716, -82.07532999613017, 79.6570239755992, 67.69388037823236],