{"initial_reset_timestamp": 1482285649.972539, "episode_rewards": [-603.4072204221613, -608.320077867567, -367.7962547693935, -392.4414610874513, -622.6018233305706, -357.32992194147187, -173.1669594332617, -158.7401539096954, -156.4884707986674, -180.22973844960356, -163.58836044372902, -175.4405784708897, -162.14947566153702, -139.71401507735396, -187.6424419449113, -185.15938302472398, -149.48041206133146, -60.751385666140315, -174.2764677042916, -140.08793053759712, -169.39931630249617, -133.575304468738, -215.34228571279823, -236.91797308370613, -136.061310958621, -166.2683512249003, -224.10308692947734, -215.57402707612096, -163.89504434313966, -219.67534328674594, -362.88000655159857, -210.7286011668806, -196.1736576915916, -203.72402166998165, -184.1854836719084, -147.12865918270543, -220.38869429364763, -195.8214117659166, -210.3425675906503, -176.44598401380352], "timestamps": [1482285651.180321, 1482285652.3611042, 1482285653.048429, 1482285653.8000739, 1482285654.9298067, 1482285655.5828297, 1482285656.3469448, 1482285657.2294545, 1482285658.090375, 1482285658.768665, 1482285659.3818092, 1482285660.1966336, 1482285661.1550193, 1482285661.9217339, 1482285662.7043023, 1482285663.3273644, 1482285663.9797912, 1482285664.7177734, 1482285665.3777256, 1482285666.043113, 1482285667.028405, 1482285667.969226, 1482285668.7928336, 1482285669.634049, 1482285670.2956548, 1482285670.9869332, 1482285671.769869, 1482285672.6468349, 1482285673.3867092, 1482285674.2933655, 1482285675.558713, 1482285676.4023597, 1482285677.3258593, 1482285678.2666235, 1482285678.9267187, 1482285679.9315367, 1482285680.8589864, 1482285681.8320713, 1482285682.8177297, 1482285683.512299], "episode_types": ["t", "t", "t", "t", "t", "t", "t", "t", "t", "t", "t", "t", "t", "t", "t", "t", "t", "t", "t", "t", "t", "t", "t", "t", "t", "t", "t", "t", "t", "t", "t", "t", "t", "t", "t", "t", "t", "t", "t", "t", "t", "t", "t", "t", "t", "t", "t", "t", "t", "t", "t", "t", "t", "t", "t", "t", "t", "t", "t", "t", "t", "t", "t", "t", "t", "t", "t", "t", "t", "t", "t", "t", "t", "t", "t", "t", "t", "t", "t", "t", "t"], "episode_lengths": [106, 99, 61, 66, 96, 58, 66, 83, 80, 56, 52, 75, 83, 59, 67, 54, 58, 66, 54, 58, 90, 88, 74, 79, 55, 59, 66, 78, 67, 81, 107, 70, 76, 71, 54, 85, 77, 81, 85, 60]}