{"initial_reset_timestamp": 1482223961.2426448, "episode_rewards": [124.0, 192.0, 200.0, 200.0, 143.0, 149.0, 154.0, 200.0, 200.0, 167.0, 200.0, 177.0, 200.0, 200.0, 200.0, 200.0, 200.0, 200.0, 177.0, 157.0, 147.0, 200.0, 200.0, 200.0, 200.0, 200.0, 200.0, 200.0, 200.0, 200.0, 200.0, 200.0, 200.0, 200.0, 200.0, 200.0, 200.0, 200.0, 200.0, 200.0, 200.0, 200.0, 200.0, 200.0, 200.0, 200.0, 200.0, 200.0, 200.0, 200.0, 200.0, 200.0, 200.0, 200.0, 200.0, 200.0, 200.0, 200.0, 200.0, 200.0, 200.0, 200.0, 200.0, 200.0, 200.0, 200.0, 200.0, 200.0, 200.0, 200.0, 200.0, 200.0, 200.0, 200.0, 200.0, 200.0, 200.0, 200.0, 200.0, 200.0, 200.0, 200.0, 200.0, 200.0, 200.0, 200.0, 181.0, 200.0, 200.0, 200.0, 200.0, 200.0, 200.0, 200.0, 200.0, 200.0, 200.0, 200.0, 200.0, 200.0, 200.0, 200.0, 200.0, 200.0, 200.0, 200.0, 200.0, 200.0, 200.0, 200.0, 200.0, 200.0, 200.0, 200.0, 200.0, 200.0, 200.0, 200.0, 200.0, 200.0, 200.0, 200.0, 200.0, 200.0, 200.0, 200.0, 200.0, 200.0, 200.0, 200.0, 200.0, 200.0, 200.0, 200.0, 200.0, 200.0, 200.0, 200.0, 200.0, 200.0, 200.0, 200.0, 200.0, 200.0, 200.0, 200.0, 200.0, 200.0, 200.0, 200.0], "episode_lengths": [124, 192, 200, 200, 143, 149, 154, 200, 200, 167, 200, 177, 200, 200, 200, 200, 200, 200, 177, 157, 147, 200, 200, 200, 200, 200, 200, 200, 200, 200, 200, 200, 200, 200, 200, 200, 200, 200, 200, 200, 200, 200, 200, 200, 200, 200, 200, 200, 200, 200, 200, 200, 200, 200, 200, 200, 200, 200, 200, 200, 200, 200, 200, 200, 200, 200, 200, 200, 200, 200, 200, 200, 200, 200, 200, 200, 200, 200, 200, 200, 200, 200, 200, 200, 200, 200, 181, 200, 200, 200, 200, 200, 200, 200, 200, 200, 200, 200, 200, 200, 200, 200, 200, 200, 200, 200, 200, 200, 200, 200, 200, 200, 200, 200, 200, 200, 200, 200, 200, 200, 200, 200, 200, 200, 200, 200, 200, 200, 200, 200, 200, 200, 200, 200, 200, 200, 200, 200, 200, 200, 200, 200, 200, 200, 200, 200, 200, 200, 200, 200], "timestamps": [1482223971.4832006, 1482223983.797209, 1482223996.5380008, 1482224009.3147783, 1482224018.4311538, 1482224027.9318306, 1482224037.7495277, 1482224050.5090284, 1482224063.2691543, 1482224073.9270039, 1482224089.7736967, 1482224101.1286702, 1482224113.8903008, 1482224126.641502, 1482224139.3927622, 1482224152.2124946, 1482224164.9843276, 1482224177.7369044, 1482224189.0370653, 1482224199.044692, 1482224210.6159883, 1482224223.4762979, 1482224236.2362502, 1482224248.9774034, 1482224261.7501109, 1482224274.4982197, 1482224287.2613869, 1482224300.0162222, 1482224312.765516, 1482224325.538655, 1482224341.2588892, 1482224354.0695565, 1482224366.8341358, 1482224379.5595298, 1482224392.2238228, 1482224404.8847766, 1482224417.5492885, 1482224430.212039, 1482224442.8758097, 1482224455.5437586, 1482224469.8523068, 1482224482.5599694, 1482224495.2242749, 1482224507.8887033, 1482224520.5515885, 1482224533.2152927, 1482224545.8791478, 1482224558.543775, 1482224571.2091472, 1482224583.8766706, 1482224598.4934294, 1482224611.1991172, 1482224623.8628218, 1482224636.5258157, 1482224649.189543, 1482224661.8532982, 1482224674.5191658, 1482224687.1824548, 1482224699.8456006, 1482224712.507604, 1482224727.1856153, 1482224739.9072292, 1482224752.5761323, 1482224765.2432864, 1482224777.9085128, 1482224790.5710607, 1482224803.2341099, 1482224815.8993309, 1482224828.5615556, 1482224841.2279208, 1482224855.8813834, 1482224868.581111, 1482224881.241182, 1482224893.8996375, 1482224906.559888, 1482224919.220647, 1482224931.8827884, 1482224944.5478437, 1482224957.214836, 1482224969.8777218, 1482224984.2445848, 1482224996.9660048, 1482225009.627448, 1482225022.2887886, 1482225034.9487774, 1482225047.6097653, 1482225059.0678086, 1482225071.727123, 1482225084.3853128, 1482225097.0529606, 1482225111.7126405, 1482225124.418311, 1482225137.079151, 1482225149.737259, 1482225162.4003813, 1482225175.0612116, 1482225187.7280738, 1482225200.386498, 1482225213.0517278, 1482225225.7186494, 1482225240.3956156, 1482225253.096831, 1482225265.7606952, 1482225278.427431, 1482225291.0870593, 1482225303.7533615, 1482225316.414036, 1482225329.074058, 1482225341.7361596, 1482225354.3967605, 1482225369.052532, 1482225381.7708645, 1482225394.4352264, 1482225407.099947, 1482225419.763757, 1482225432.427724, 1482225445.0851574, 1482225457.7442198, 1482225470.405188, 1482225483.069775, 1482225497.3255408, 1482225510.0262465, 1482225522.686143, 1482225535.3456721, 1482225548.0071855, 1482225560.6695995, 1482225573.3317292, 1482225585.9959579, 1482225598.6623864, 1482225611.3277345, 1482225625.7620258, 1482225638.473509, 1482225651.1399858, 1482225663.8046753, 1482225676.4654036, 1482225689.1279292, 1482225701.8487997, 1482225714.5116162, 1482225727.174713, 1482225739.8362126, 1482225754.4912841, 1482225767.1940145, 1482225779.8560712, 1482225792.5179043, 1482225805.1802008, 1482225817.8465865, 1482225830.511154, 1482225843.1729069, 1482225855.8377829, 1482225868.4985213], "episode_types": ["t", "t", "t", "t", "t", "t", "t", "t", "t", "t", "t", "t", "t", "t", "t", "t", "t", "t", "t", "t", "t", "t", "t", "t", "t", "t", "t", "t", "t", "t", "t", "t", "t", "t", "t", "t", "t", "t", "t", "t", "t", "t", "t", "t", "t", "t", "t", "t", "t", "t", "t", "t", "t", "t", "t", "t", "t", "t", "t", "t", "t", "t", "t", "t", "t", "t", "t", "t", "t", "t", "t", "t", "t", "t", "t", "t", "t", "t", "t", "t", "t", "t", "t", "t", "t", "t", "t", "t", "t", "t", "t", "t", "t", "t", "t", "t", "t", "t", "t", "t", "t", "t", "t", "t", "t", "t", "t", "t", "t", "t", "t", "t", "t", "t", "t", "t", "t", "t", "t", "t", "t", "t", "t", "t", "t", "t", "t", "t", "t", "t", "t", "t", "t", "t", "t", "t", "t", "t", "t", "t", "t", "t", "t", "t", "t", "t", "t", "t", "t", "t"]}